{
"eq no 1, jacobi":[[1,6.69048],[2,3.69048],[3,2.38946],[4,1.31803],[5,0.853377],[6,0.470724],[7,0.304777],[8,0.168115],[9,0.108849],[10,0.060041],[11,0.0388744],[12,0.021443],[13,0.0138835],[14,0.007658],[15,0.00495817],[16,0.00273479],[17,0.00177056],[18,0.000976495],[19,0.000632129],[20,0.000348534],[21,0.000225546],[22,0.000124262],[23,8.03379e-005],[24,4.4165e-005],[25,2.84778e-005],[26,1.55589e-005],[27,9.95636e-006],[28,5.34248e-006],[29,3.34156e-006],[30,1.69374e-006],[31,9.79128e-007],[32,3.90622e-007],[33,1.35403e-007],[34,2.08417e-007],[35,1.65928e-007],[36,2.40992e-007],[37,2.73546e-007],[38,3.00354e-007],[39,3.11981e-007],[40,3.21555e-007],[41,3.25707e-007],[42,3.29127e-007],[43,3.3061e-007],[44,3.31831e-007],[45,3.32361e-007],[46,3.32797e-007],[47,3.32986e-007],[48,3.33142e-007],[49,3.33209e-007],[50,3.33265e-007]],
"eq no 1, gauss_seidel":[[1,2.7619],[2,0.986394],[3,0.352283],[4,0.125815],[5,0.0449338],[6,0.0160476],[7,0.00573106],[8,0.00204659],[9,0.000730712],[10,0.000260754],[11,9.29123e-005],[12,3.29687e-005],[13,1.15602e-005],[14,3.91437e-006],[15,1.1837e-006],[16,2.08466e-007],[17,1.43361e-007],[18,2.64226e-007],[19,3.08652e-007],[20,3.24519e-007],[21,3.30185e-007],[22,3.32209e-007],[23,3.32932e-007],[24,3.3319e-007],[25,3.33282e-007],[26,3.33315e-007],[27,3.33327e-007],[28,3.33331e-007],[29,3.33333e-007],[30,3.33333e-007],[31,3.33333e-007],[32,3.33333e-007],[33,3.33333e-007],[34,3.33333e-007],[35,3.33333e-007],[36,3.33333e-007],[37,3.33333e-007],[38,3.33333e-007],[39,3.33333e-007],[40,3.33333e-007],[41,3.33333e-007],[42,3.33333e-007],[43,3.33333e-007],[44,3.33333e-007],[45,3.33333e-007],[46,3.33333e-007],[47,3.33333e-007],[48,3.33333e-007],[49,3.33333e-007],[50,3.33333e-007]],
"eq no 1, sor":[[1,1.20051],[2,0.0607095],[3,0.00838768],[4,0.00267055],[5,0.000382045],[6,3.00358e-005],[7,6.33211e-007],[8,2.91785e-007],[9,2.21404e-007],[10,3.21956e-007],[11,3.32995e-007],[12,3.33459e-007],[13,3.33364e-007],[14,3.33337e-007],[15,3.33334e-007],[16,3.33333e-007],[17,3.33333e-007],[18,3.33333e-007],[19,3.33333e-007],[20,3.33333e-007],[21,3.33333e-007],[22,3.33333e-007],[23,3.33333e-007],[24,3.33333e-007],[25,3.33333e-007],[26,3.33333e-007],[27,3.33333e-007],[28,3.33333e-007],[29,3.33333e-007],[30,3.33333e-007],[31,3.33333e-007],[32,3.33333e-007],[33,3.33333e-007],[34,3.33333e-007],[35,3.33333e-007],[36,3.33333e-007],[37,3.33333e-007],[38,3.33333e-007],[39,3.33333e-007],[40,3.33333e-007],[41,3.33333e-007],[42,3.33333e-007],[43,3.33333e-007],[44,3.33333e-007],[45,3.33333e-007],[46,3.33333e-007],[47,3.33333e-007],[48,3.33333e-007],[49,3.33333e-007],[50,3.33333e-007]],
"eq no 2, jacobi":[[1,1.35294],[2,0.838235],[3,0.231617],[4,0.080883],[5,0.0335475],[6,0.0245858],[7,0.00844469],[8,0.00373456],[9,0.00217543],[10,0.000595461],[11,0.00048444],[12,0.000199417],[13,7.44127e-005],[14,4.28892e-005],[15,1.27449e-005],[16,9.32445e-006],[17,4.46118e-006],[18,2.10474e-006],[19,6.33939e-007],[20,6.03451e-007],[21,8.50717e-007],[22,5.96233e-007],[23,6.18876e-007],[24,6.66141e-007],[25,6.47405e-007],[26,6.42912e-007],[27,6.48208e-007],[28,6.47599e-007],[29,6.46656e-007],[30,6.47063e-007],[31,6.47143e-007],[32,6.47033e-007],[33,6.47049e-007],[34,6.47067e-007],[35,6.47058e-007],[36,6.47057e-007],[37,6.47059e-007],[38,6.47059e-007],[39,6.47059e-007],[40,6.47059e-007],[41,6.47059e-007],[42,6.47059e-007],[43,6.47059e-007],[44,6.47059e-007],[45,6.47059e-007],[46,6.47059e-007],[47,6.47059e-007],[48,6.47059e-007],[49,6.47059e-007],[50,6.47059e-007]],
"eq no 2, gauss_seidel":[[1,0.977941],[2,0.19761],[3,0.0502066],[4,0.0170174],[5,0.00486371],[6,0.00167086],[7,0.000513527],[8,0.000167932],[9,5.37745e-005],[10,1.65301e-005],[11,6.11467e-006],[12,1.10996e-006],[13,1.20841e-006],[14,5.36546e-007],[15,7.04641e-007],[16,6.28612e-007],[17,6.52964e-007],[18,6.45168e-007],[19,6.47664e-007],[20,6.46865e-007],[21,6.47121e-007],[22,6.47039e-007],[23,6.47065e-007],[24,6.47057e-007],[25,6.47059e-007],[26,6.47059e-007],[27,6.47059e-007],[28,6.47059e-007],[29,6.47059e-007],[30,6.47059e-007],[31,6.47059e-007],[32,6.47059e-007],[33,6.47059e-007],[34,6.47059e-007],[35,6.47059e-007],[36,6.47059e-007],[37,6.47059e-007],[38,6.47059e-007],[39,6.47059e-007],[40,6.47059e-007],[41,6.47059e-007],[42,6.47059e-007],[43,6.47059e-007],[44,6.47059e-007],[45,6.47059e-007],[46,6.47059e-007],[47,6.47059e-007],[48,6.47059e-007],[49,6.47059e-007],[50,6.47059e-007]],
"eq no 2, sor":[[1,1.1686],[2,0.255822],[3,0.0756231],[4,0.0182927],[5,0.00520704],[6,0.00134547],[7,0.000367843],[8,9.71577e-005],[9,2.60787e-005],[10,6.82384e-006],[11,1.70281e-006],[12,5.21075e-007],[13,6.13599e-007],[14,6.38056e-007],[15,6.44655e-007],[16,6.46414e-007],[17,6.46886e-007],[18,6.47013e-007],[19,6.47046e-007],[20,6.47056e-007],[21,6.47058e-007],[22,6.47059e-007],[23,6.47059e-007],[24,6.47059e-007],[25,6.47059e-007],[26,6.47059e-007],[27,6.47059e-007],[28,6.47059e-007],[29,6.47059e-007],[30,6.47059e-007],[31,6.47059e-007],[32,6.47059e-007],[33,6.47059e-007],[34,6.47059e-007],[35,6.47059e-007],[36,6.47059e-007],[37,6.47059e-007],[38,6.47059e-007],[39,6.47059e-007],[40,6.47059e-007],[41,6.47059e-007],[42,6.47059e-007],[43,6.47059e-007],[44,6.47059e-007],[45,6.47059e-007],[46,6.47059e-007],[47,6.47059e-007],[48,6.47059e-007],[49,6.47059e-007],[50,6.47059e-007]],
"eq no 3, jacobi":[[1,7.22464],[2,2.14842],[3,1.28486],[4,0.454831],[5,0.290798],[6,0.211208],[7,0.104884],[8,0.072925],[9,0.0417075],[10,0.0255475],[11,0.0156754],[12,0.00935814],[13,0.00573849],[14,0.00346061],[15,0.00210126],[16,0.0012749],[17,0.000772241],[18,0.000468587],[19,0.000284097],[20,0.000172189],[21,0.000104514],[22,6.32656e-005],[23,3.84668e-005],[24,2.32217e-005],[25,1.41831e-005],[26,8.49793e-006],[27,5.25492e-006],[28,3.08427e-006],[29,1.9723e-006],[30,1.0938e-006],[31,1.19427e-006],[32,4.92648e-007],[33,9.18085e-007],[34,6.60116e-007],[35,8.16539e-007],[36,7.2169e-007],[37,7.79203e-007],[38,7.44329e-007],[39,7.65475e-007],[40,7.52653e-007],[41,7.60428e-007],[42,7.55714e-007],[43,7.58572e-007],[44,7.56839e-007],[45,7.5789e-007],[46,7.57253e-007],[47,7.57639e-007],[48,7.57405e-007],[49,7.57547e-007],[50,7.57461e-007]],
"eq no 3, gauss_seidel":[[1,7.43835],[2,1.69994],[3,0.149479],[4,0.0395474],[5,0.00951334],[6,0.000844092],[7,0.000209179],[8,5.2779e-005],[9,4.74165e-006],[10,1.46393e-006],[11,8.94002e-007],[12,7.75616e-007],[13,7.56506e-007],[14,7.56748e-007],[15,7.57389e-007],[16,7.57498e-007],[17,7.57497e-007],[18,7.57494e-007],[19,7.57493e-007],[20,7.57493e-007],[21,7.57493e-007],[22,7.57493e-007],[23,7.57493e-007],[24,7.57493e-007],[25,7.57493e-007],[26,7.57493e-007],[27,7.57493e-007],[28,7.57493e-007],[29,7.57493e-007],[30,7.57493e-007],[31,7.57493e-007],[32,7.57493e-007],[33,7.57493e-007],[34,7.57493e-007],[35,7.57493e-007],[36,7.57493e-007],[37,7.57493e-007],[38,7.57493e-007],[39,7.57493e-007],[40,7.57493e-007],[41,7.57493e-007],[42,7.57493e-007],[43,7.57493e-007],[44,7.57493e-007],[45,7.57493e-007],[46,7.57493e-007],[47,7.57493e-007],[48,7.57493e-007],[49,7.57493e-007],[50,7.57493e-007]],
"eq no 3, sor":[[1,7.47281],[2,1.81539],[3,0.181909],[4,0.0323914],[5,0.0110663],[6,0.00144646],[7,0.000107037],[8,6.26235e-005],[9,1.02714e-005],[10,4.91846e-007],[11,8.58779e-007],[12,7.91441e-007],[13,7.61219e-007],[14,7.57151e-007],[15,7.57299e-007],[16,7.57464e-007],[17,7.57494e-007],[18,7.57494e-007],[19,7.57493e-007],[20,7.57493e-007],[21,7.57493e-007],[22,7.57493e-007],[23,7.57493e-007],[24,7.57493e-007],[25,7.57493e-007],[26,7.57493e-007],[27,7.57493e-007],[28,7.57493e-007],[29,7.57493e-007],[30,7.57493e-007],[31,7.57493e-007],[32,7.57493e-007],[33,7.57493e-007],[34,7.57493e-007],[35,7.57493e-007],[36,7.57493e-007],[37,7.57493e-007],[38,7.57493e-007],[39,7.57493e-007],[40,7.57493e-007],[41,7.57493e-007],[42,7.57493e-007],[43,7.57493e-007],[44,7.57493e-007],[45,7.57493e-007],[46,7.57493e-007],[47,7.57493e-007],[48,7.57493e-007],[49,7.57493e-007],[50,7.57493e-007]],