{
	"lagrange: regular": [[2,10163.9], [3,7446.59], [4,8106.08], [5,6805.42], [6,8824.57], [7,21248.8], [8,8141.81], [9,6777.84], [10,8577.98], [11,8694.47], [12,8093.34], [13,8439.01], [14,19429.9], [15,661831], [16,188045], [17,23300.4], [18,9.25281e+006], [19,367156], [20,767812], [21,863347], [22,1.72741e+007], [23,1.04512e+006], [24,9.98126e+006], [25,838360], [26,718087], [27,2.23726e+007], [28,292879], [29,215168], [30,5.1323e+006], [31,72537.6], [32,53510.4], [33,33113.7], [34,20565], [35,13111.2], [36,6414.71], [37,4178.42], [38,1663.22], [39,6334.01], [40,362.961], [41,243.702], [42,11821.2], [43,2966.04], [44,2239.5], [45,7.10184], [46,354.953], [47,185.874], [48,0.629959], [49,0.143014], [50,0.101014], [51,3.84835], [52,1.5291], [53,3.47318], [54,8.63504], [55,0.173784], [56,0.345731], [57,0.798923], [58,1.09437], [59,271.486], [60,4.6666], [61,11.1732], [62,19.6012], [63,63.2582], [64,62.7275], [65,129.467], [66,26799.1], [67,437.778], [68,1129.83], [69,264147], [70,460625], [71,949314], [72,11556.1], [73,5.1359e+006], [74,43451.2], [75,89400.4], [76,4.19501e+007], [77,6.93988e+007], [78,658234], [80,2.99476e+006]],
	"lagrange: chebyshev": [[2,9934.33], [3,6134.94], [4,7886.1], [5,7797.42], [6,7046.51], [7,9086.46], [8,8368.24], [9,7055.38], [10,7463.03], [11,6791.07], [12,5725.62], [13,5931.51], [14,6014.32], [15,5752.55], [16,5271.68], [17,4872.44], [18,4686.2], [19,4460.55], [20,3801.37], [21,3551.15], [22,3300.07], [23,2601], [24,1907.75], [25,1316.8], [26,946.412], [27,467.37], [28,405.044], [29,133.298], [30,121.463], [31,34.4329], [32,26.7446], [33,8.60276], [34,4.43704], [35,2.03337], [36,0.580229], [37,0.3858], [38,0.067067], [39,0.0583477], [40,0.00753021], [41,0.00725446], [42,0.000911493], [43,0.000752938], [44,0.00012013], [45,6.55306e-005], [46,1.54637e-005], [47,4.74243e-006], [48,1.62195e-006], [49,2.76151e-007], [50,1.41774e-007], [51,1.37273e-008], [52,1.06223e-008], [53,7.10588e-010], [54,6.9166e-010], [55,4.887e-011], [56,4.10423e-011], [57,1.09885e-011], [58,7.75467e-012], [59,7.62234e-012], [60,7.42068e-012], [61,7.61906e-012], [62,7.02943e-012], [63,7.62229e-012], [64,6.69655e-012], [65,7.75636e-012], [66,7.88983e-012], [67,6.61985e-012], [68,6.96154e-012], [69,7.93947e-012], [70,8.2978e-012], [71,7.29658e-012], [72,7.50288e-012], [73,7.614e-012], [74,8.43718e-012], [75,7.86176e-012], [76,7.48747e-012], [77,7.78233e-012], [78,7.66179e-012], [80,7.37647e-012]],
	"newton: regular": [[2,10163.9], [3,7446.59], [4,8106.08], [5,6805.42], [6,8824.57], [7,21248.8], [8,8141.81], [9,6777.84], [10,8577.98], [11,8694.47], [12,8093.34], [13,8439.01], [14,19429.9], [15,661831], [16,188045], [17,23300.4], [18,9.25281e+006], [19,367156], [20,767812], [21,863347], [22,1.72741e+007], [23,1.04512e+006], [24,9.98126e+006], [25,838360], [26,718087], [27,2.23726e+007], [28,292879], [29,215168], [30,5.1323e+006], [31,72537.6], [32,53510.4], [33,33113.7], [34,20565], [35,13111.2], [36,6414.72], [37,4178.4], [38,1663.23], [39,6333.99], [40,362.934], [41,243.738], [42,11821.3], [43,2966.02], [44,2239.59], [45,7.19153], [46,355.137], [47,185.963], [48,2.68432], [49,2.4875], [50,1.76179], [51,6.37797], [52,2.74628], [53,4.06955], [54,7.10337], [55,6.51918], [56,5.76493], [57,7.51769], [58,12.9529], [59,110.521], [60,13.841], [61,18.0516], [62,18.7294], [63,56.2417], [64,70.3294], [65,84.7673], [66,971.331], [67,221.155], [68,194.751], [69,103772], [70,136401], [71,185397], [72,2929.31], [73,374634], [74,21451], [75,32559.2], [76,1.12355e+006], [77,3.98596e+006], [78,680614], [80,3.28507e+006]],
	"newton: chebyshev": [[2,9934.33], [3,6134.94], [4,7886.1], [5,7797.42], [6,7046.51], [7,9086.46], [8,8368.24], [9,7055.38], [10,7463.03], [11,6791.07], [12,5725.62], [13,5931.51], [14,6014.32], [15,5752.55], [16,5271.68], [17,4872.44], [18,4686.2], [19,4460.55], [20,3801.37], [21,3551.15], [22,3300.07], [23,2601], [24,1907.75], [25,1316.8], [26,946.413], [27,467.37], [28,405.044], [29,133.298], [30,121.463], [31,34.433], [32,26.7446], [33,8.60276], [34,4.43715], [35,2.03329], [36,0.580597], [37,0.388101], [38,0.0703411], [39,0.0682719], [40,0.0286268], [41,0.0362196], [42,0.0552643], [43,0.0626878], [44,0.119664], [45,0.125636], [46,0.229316], [47,0.263864], [48,0.519374], [49,0.360584], [50,0.577433], [51,0.980867], [52,0.921619], [53,1.40347], [54,1.63304], [55,1.95333], [56,4.85032], [57,2.9506], [58,4.32891], [59,8.02961], [60,5.84185], [61,8.48467], [62,11.2819], [63,20.5954], [64,13.114], [65,19.9956], [66,21.3481], [67,48.7001], [68,37.2403], [69,86.3217], [70,178.7], [71,691.811], [72,813.606], [73,32834.4], [74,21734.2], [75,30375.1], [76,37509.6], [77,1.31657e+006], [78,2.00088e+006], [80,1.34329e+007]],
	"hermite (one der): regular": [[2,201505], [3,38776.4], [4,20687], [5,28111.3], [6,16233.7], [7,300555], [8,4.83184e+006], [9,231914], [10,373025], [11,299506], [12,215762], [13,203114], [14,127591], [15,1.10265e+008], [16,21159.7], [17,8024.8], [18,1.01315e+007], [19,622.382], [20,132.762], [21,23.9588], [22,5362.94], [23,2.27896], [24,1011.42], [25,1.85433], [26,54.119], [27,9.06302], [28,6.81521], [29,29.4377], [30,181.152], [31,22.1048], [32,26.9564], [33,59.7918], [34,65.6852], [35,234.666], [36,366.912], [37,703.782], [38,2855.84], [39,3.70117e+007], [40,239753], [41,5.46808e+006], [42,2.61311e+009], [43,2.19864e+010], [44,2.58502e+010], [45,2.397e+010], [46,1.25254e+012], [47,2.46455e+012], [48,7.35243e+012], [49,1.20778e+014], [50,1.21755e+015], [51,3.41126e+016], [52,2.39058e+017], [53,3.82835e+017], [54,1.85518e+019], [55,7.19564e+018], [56,2.18647e+021], [57,6.7746e+021], [58,5.39938e+022], [59,2.60355e+023], [60,6.73917e+023], [61,1.28949e+025], [62,4.33283e+026], [63,5.87299e+026], [64,2.1696e+028], [65,1.69625e+029], [66,9.91879e+029], [67,1.44452e+031], [68,8.75541e+031], [69,3.00667e+033], [70,2.38142e+033], [71,3.37099e+034], [72,5.35034e+035], [73,8.15413e+036], [74,9.96729e+037], [75,4.02861e+038], [76,1.27633e+039], [77,1.16449e+040], [78,2.99535e+041], [80,9.66686e+042]],
	"hermite (one der): chebyshev": [[2,45862.8], [3,30234.4], [4,22403], [5,16056.9], [6,11707.6], [7,8727.58], [8,7196.35], [9,7328.92], [10,5878.31], [11,5124.73], [12,3010.22], [13,1484.6], [14,635.955], [15,190.7], [16,41.9895], [17,6.96752], [18,0.918318], [19,0.109269], [20,0.0384102], [21,0.0489494], [22,0.0925132], [23,0.237424], [24,0.39163], [25,0.500727], [26,1.99585], [27,2.2459], [28,4.27716], [29,4.98512], [30,8.44577], [31,8.91571], [32,12.8117], [33,21.1238], [34,27.2415], [35,48.6752], [36,791.628], [37,6378.94], [38,2570.92], [39,400887], [40,6.18478e+006], [41,2.36397e+006], [42,5.99876e+008], [43,1.00307e+009], [44,1.13095e+010], [45,3.05583e+010], [46,5.63841e+012], [47,2.10183e+013], [48,2.91622e+014], [49,1.7496e+015], [50,4.80868e+016], [51,4.023e+017], [52,1.09089e+018], [53,1.1274e+019], [54,1.70364e+020], [55,3.04164e+021], [56,7.39889e+021], [57,5.20553e+023], [58,9.04726e+023], [59,3.63995e+025], [60,8.49548e+025], [61,9.99856e+026], [62,3.08755e+028], [63,8.60379e+028], [64,7.5508e+029], [65,1.90183e+031], [66,2.02134e+032], [67,6.46427e+032], [68,2.99885e+034], [69,4.15994e+034], [70,7.81946e+035], [71,1.67469e+037], [72,1.30098e+038], [73,7.44706e+038], [74,1.76445e+040], [75,3.74455e+041], [76,3.29183e+042], [77,4.50302e+042], [78,4.51376e+044], [80,4.96746e+045]],