{
"times" : 
{
"DFT" : [[128,0.001994], [256,0.007979], [512,0.032912], [1024,0.137632], [2048,0.521605], [4096,2.08243], [8192,8.30679]],
"FFT" : [[512,0.000998], [1024,0.001994], [2048,0.003989], [4096,0.007979], [8192,0.016954], [16384,0.035904], [32768,0.073802], [65536,0.155584], [131072,0.328123], [262144,0.685168], [524288,1.43018], [1.04858e+006,2.98602], [2.09715e+006,6.24339]]
},
"summer" : [[0,8031], [0.046875,2353.35], [0.09375,1585.15], [0.140625,822.32], [0.1875,230.298], [0.234375,280.354], [0.28125,590.058], [0.328125,386.993], [0.375,152.17], [0.421875,125.239], [0.46875,209.539], [0.515625,337.185], [0.5625,126.954], [0.609375,81.5898], [0.65625,171.663], [0.703125,267.275], [0.75,106.683], [0.796875,127.106], [0.84375,347.276], [0.890625,312.24], [0.9375,202.085], [0.984375,2585.72], [1.03125,1622.78], [1.07812,574.157], [1.125,171.016], [1.17188,208.237], [1.21875,200.624], [1.26562,194.732], [1.3125,157.632], [1.35938,86.3146], [1.40625,107.898], [1.45312,125.618], [1.5,107.117], [1.54688,60.8141], [1.59375,52.3861], [1.64062,78.1756], [1.6875,105.339], [1.73438,39.8954], [1.78125,48.831], [1.82812,107.34], [1.875,75.4124], [1.92188,77.4108], [1.96875,655.031], [2.01562,857.408], [2.0625,122.415], [2.10938,159.762], [2.15625,227.595], [2.20312,85.0664], [2.25,40.3926], [2.29688,79.07], [2.34375,89.5871], [2.39062,105.973], [2.4375,26.0243], [2.48438,42.8423], [2.53125,90.3677], [2.57812,59.0931], [2.625,46.3298], [2.67188,5.49878], [2.71875,65.4407], [2.76562,78.6394], [2.8125,48.9646], [2.85938,43.4075], [2.90625,74.1207], [2.95312,182.513], [3,423.005], [3.04688,125.847], [3.09375,98.7925], [3.14062,99.7664], [3.1875,75.353], [3.23438,83.9834], [3.28125,40.1789], [3.32812,36.4581], [3.375,98.5537], [3.42188,35.8695], [3.46875,47.7535], [3.51562,100.192], [3.5625,72.9373], [3.60938,70.7847], [3.65625,32.6556], [3.70312,46.7141], [3.75,78.2959], [3.79688,71.9004], [3.84375,51.5909], [3.89062,39.7622], [3.9375,67.3228], [3.98438,45.768], [4.03125,125.32], [4.07812,13.497], [4.125,57.4649], [4.17188,52.4966], [4.21875,36.5508], [4.26562,62.092], [4.3125,31.2631], [4.35938,79.682], [4.40625,29.8167], [4.45312,52.4592], [4.5,43.3588], [4.54688,68.0403], [4.59375,63.0938], [4.64062,72.6959], [4.6875,11.6766], [4.73438,11.8483], [4.78125,61.174], [4.82812,86.0475], [4.875,59.5938], [4.92188,36.535], [4.96875,122.471], [5.01562,196.377], [5.0625,27.0714], [5.10938,80.5443], [5.15625,59.477], [5.20312,37.9357], [5.25,48.0523], [5.29688,33.5601], [5.34375,58.1212], [5.39062,120.698], [5.4375,34.7507], [5.48438,25.8596], [5.53125,48.0955], [5.57812,29.4176], [5.625,127.71], [5.67188,36.6025], [5.71875,36.0837], [5.76562,30.2892], [5.8125,46.5839], [5.85938,79.8947], [5.90625,71.932], [5.95312,45.5846], [6,27], [6.04688,45.5846], [6.09375,71.932], [6.14062,79.8947], [6.1875,46.5839], [6.23438,30.2892], [6.28125,36.0837], [6.32812,36.6025], [6.375,127.71], [6.42188,29.4176], [6.46875,48.0955], [6.51562,25.8596], [6.5625,34.7507], [6.60938,120.698], [6.65625,58.1212], [6.70312,33.5601], [6.75,48.0523], [6.79688,37.9357], [6.84375,59.477], [6.89062,80.5443], [6.9375,27.0714], [6.98438,196.377], [7.03125,122.471], [7.07812,36.535], [7.125,59.5938], [7.17188,86.0475], [7.21875,61.174], [7.26562,11.8483], [7.3125,11.6766], [7.35938,72.6959], [7.40625,63.0938], [7.45312,68.0403], [7.5,43.3588], [7.54688,52.4592], [7.59375,29.8167], [7.64062,79.682], [7.6875,31.2631], [7.73438,62.092], [7.78125,36.5508], [7.82812,52.4966], [7.875,57.4649], [7.92188,13.497], [7.96875,125.32], [8.01562,45.768], [8.0625,67.3228], [8.10938,39.7622], [8.15625,51.5909], [8.20312,71.9004], [8.25,78.2959], [8.29688,46.7141], [8.34375,32.6556], [8.39062,70.7847], [8.4375,72.9373], [8.48438,100.192], [8.53125,47.7535], [8.57812,35.8695], [8.625,98.5537], [8.67188,36.4581], [8.71875,40.1789], [8.76562,83.9834], [8.8125,75.353], [8.85938,99.7664], [8.90625,98.7925], [8.95312,125.847], [9,423.005], [9.04688,182.513], [9.09375,74.1207], [9.14062,43.4075], [9.1875,48.9646], [9.23438,78.6394], [9.28125,65.4407], [9.32812,5.49878], [9.375,46.3298], [9.42188,59.0931], [9.46875,90.3677], [9.51562,42.8423], [9.5625,26.0243], [9.60938,105.973], [9.65625,89.5871], [9.70312,79.07], [9.75,40.3926], [9.79688,85.0664], [9.84375,227.595], [9.89062,159.762], [9.9375,122.415], [9.98438,857.408], [10.0312,655.031], [10.0781,77.4108], [10.125,75.4124], [10.1719,107.34], [10.2188,48.831], [10.2656,39.8954], [10.3125,105.339], [10.3594,78.1756], [10.4062,52.3861], [10.4531,60.8141], [10.5,107.117], [10.5469,125.618], [10.5938,107.898], [10.6406,86.3146], [10.6875,157.632], [10.7344,194.732], [10.7812,200.624], [10.8281,208.237], [10.875,171.016], [10.9219,574.157], [10.9688,1622.78], [11.0156,2585.72], [11.0625,202.085], [11.1094,312.24], [11.1562,347.276], [11.2031,127.106], [11.25,106.683], [11.2969,267.275], [11.3438,171.663], [11.3906,81.5898], [11.4375,126.954], [11.4844,337.185], [11.5312,209.539], [11.5781,125.239], [11.625,152.17], [11.6719,386.993], [11.7188,590.058], [11.7656,280.354], [11.8125,230.298], [11.8594,822.32], [11.9062,1585.15], [11.9531,2353.35]]
}
